email,full_name
arun.kumar@gmail.com,Arun Kumar
priya.sharma@yahoo.com,Priya Sharma
rahul.verma@outlook.com,Rahul Verma
sneha.iyer@gmail.com,Sneha Iyer
vikram.reddy@yahoo.com,Vikram Reddy
ananya.menon@outlook.com,Ananya Menon
rohit.patel@gmail.com,Rohit Patel
meera.nair@yahoo.com,Meera Nair
sanjay.gupta@outlook.com,Sanjay Gupta
kavya.krishnan@gmail.com,Kavya Krishnan
ajay.mishra@yahoo.com,Ajay Mishra
isha.raj@outlook.com,Isha Raj
deepak.singh@gmail.com,Deepak Singh
lavanya.ramachandran@yahoo.com,Lavanya Ramachandran
manoj.jain@outlook.com,Manoj Jain
neha.bhatt@gmail.com,Neha Bhatt
arvind.kapoor@yahoo.com,Arvind Kapoor
pooja.rathi@outlook.com,Pooja Rathi
suresh.naidu@gmail.com,Suresh Naidu
divya.kulkarni@yahoo.com,Divya Kulkarni
naveen.pillai@outlook.com,Naveen Pillai
rekha.chopra@gmail.com,Rekha Chopra
amit.banerjee@yahoo.com,Amit Banerjee
shweta.gowda@outlook.com,Shweta Gowda
gopal.krishna@gmail.com,Gopal Krishna
radhika.sen@yahoo.com,Radhika Sen
kiran.malhotra@outlook.com,Kiran Malhotra
varun.das@gmail.com,Varun Das
aarti.shetty@yahoo.com,Aarti Shetty
sunil.iyengar@outlook.com,Sunil Iyengar
geeta.rao@gmail.com,Geeta Rao
vivek.chatterjee@yahoo.com,Vivek Chatterjee
smita.joshi@outlook.com,Smita Joshi
ashok.reddy@gmail.com,Ashok Reddy
nandini.mukherjee@yahoo.com,Nandini Mukherjee
parth.singhania@outlook.com,Parth Singhania
usha.krishnan@gmail.com,Usha Krishnan
rajiv.menon@yahoo.com,Rajiv Menon
sangeeta.kapoor@outlook.com,Sangeeta Kapoor
mohan.iyer@gmail.com,Mohan Iyer
anjali.shah@yahoo.com,Anjali Shah
dinesh.kumar@outlook.com,Dinesh Kumar
swati.patel@gmail.com,Swati Patel
harish.nair@yahoo.com,Harish Nair
rekha.ramachandran@outlook.com,Rekha Ramachandran
siddharth.gupta@gmail.com,Siddharth Gupta
meena.krishnan@yahoo.com,Meena Krishnan
arjun.mishra@outlook.com,Arjun Mishra
lalitha.iyer@gmail.com,Lalitha Iyer
yogesh.sharma@yahoo.com,Yogesh Sharma
